Expression, Value, Ising value
Z               ,  5973.916645  ,
<E>             , -1.995982086  ,
$C_v$           ,  0.03208233186 ,
<$M$>           ,  0            ,
$\chi$          ,  3.993303776      ,